{"IcoMoonType":"selection","icons":[{"icon":{"paths":["M358.4 682.496c-122.070-58.886-204.8-181.69-204.8-323.817 0-197.939 160.461-358.4 358.4-358.4s358.4 160.461 358.4 358.4c0 142.127-82.729 264.931-202.66 322.885l-2.14 0.933v136.704h-307.2v-136.704zM358.4 870.4h307.2v76.8c0 42.496-34.304 76.8-76.8 76.8h-153.6c-42.415 0-76.8-34.385-76.8-76.8v0-76.8zM460.8 609.28v107.52h102.4v-107.52c117.686-24.652 204.8-127.567 204.8-250.828 0-141.385-114.615-256-256-256s-256 114.615-256 256c0 123.261 87.114 226.176 203.133 250.535l1.667 0.293z"],"attrs":[{}],"isMulticolor":false,"isMulticolor2":false,"tags":["light-bulb"],"grid":20},"attrs":[{}],"properties":{"order":1,"id":0,"prevSize":20,"code":59658,"name":"light-bulb"},"setIdx":0,"setId":5,"iconIdx":0}],"height":1024,"metadata":{"name":"icomoon"},"preferences":{"showGlyphs":true,"showQuickUse":true,"showQuickUse2":true,"showSVGs":true,"fontPref":{"prefix":"icon-","metadata":{"fontFamily":"icomoon"},"metrics":{"emSize":1024,"baseline":6.25,"whitespace":50},"embed":false},"imagePref":{"prefix":"icon-","png":true,"useClassSelector":true,"color":0,"bgColor":16777215,"classSelector":".icon","name":"icomoon"},"historySize":50,"showCodes":true,"gridSize":16}}